id,code,firstname,lastname,birthday,last-update,creation-date,transactions
1,QSEBq,vzBemf,YcNIE,2023-10-11,2023-10-11,2023-10-11,5
2,TxAIJ,OgYZDNC,gzRRoVChN,2023-10-11,2023-10-11,2023-10-11,18
3,UFfYC,NVhva,dIZYMssA,2023-10-11,2023-10-11,2023-10-11,4
4,6iaodo,MBgkeclH,NKOpUV,2023-10-11,2023-10-11,2023-10-11,20
5,NTFfX,EXJWYqmwr,HAsQcpYjt,2023-10-11,2023-10-11,2023-10-11,2
6,SWYbN8,rAkaf,qxSMNizH,2023-10-11,2023-10-11,2023-10-11,23
7,SWdio,jjaAaSzY,KXMxZN,2023-10-11,2023-10-11,2023-10-11,10
8,3vjoM9,GpwdKyds,mkzrt,2023-10-11,2023-10-11,2023-10-11,23
9,AybqM,xNOXnoMEz,YxbxCqkJ,2023-10-11,2023-10-11,2023-10-11,2
11,ZGEJjG,SisKz,zBgcE,2023-10-11,2023-10-11,2023-10-11,7
12,VZfif9,nikco,goff,2002-04-26,2023-10-11,2023-10-11,24
13,IaSC9C,ZqHNfk,fzJZLfg,2023-10-11,2023-10-11,2023-10-11,27
14,kgh2Z5,nBPFarv,orVyH,2023-10-11,2023-10-11,2023-10-11,10
15,SfgSk,FsLnJV,QvWYGbA,2023-10-11,2023-10-11,2023-10-11,14
16,TG6Pw,ICuxOlsHY,uzcqeXlBQ,2023-10-11,2023-10-11,2023-10-11,22
17,VTEdlj,djYealBD,rZjeGA,2023-10-11,2023-10-11,2023-10-11,24
18,SlDyB,esVigpaV,bAMlwW,2023-10-11,2023-10-11,2023-10-11,19
19,Mq1rA,ToKKSPBf,mAxoaFWi,2023-10-11,2023-10-11,2023-10-11,19
20,4hfSxh,ZPHqZHR,fRXIKd,2023-10-11,2023-10-11,2023-10-11,18
22,E28ehb,GjcEgZPk,AhqCxdWU,2023-10-11,2023-10-11,2023-10-11,15
23,ejHwS,EUdqQ,slsnlj,2023-10-11,2023-10-11,2023-10-11,29
24,CkTMuw,FRiUFdC,VTQmPss,2023-10-11,2023-10-11,2023-10-11,23
25,lV8Te,XKBjBp,VKFvknrkC,2023-10-11,2023-10-11,2023-10-11,7
26,SpgA7R,tXbVw,csHBPLog,2023-10-11,2023-10-11,2023-10-11,15
27,zNyCtV,CWkjGq,xlqVuUZHR,2023-10-11,2023-10-11,2023-10-11,23
28,vTCFG6,BwLlnmvVV,xmeSk,2023-10-11,2023-10-11,2023-10-11,14
29,eICCSm,HbwZxV,yDAeuXPyM,2023-10-11,2023-10-11,2023-10-11,10
30,k8dDgX,WGfGSCN,satNV,2023-10-11,2023-10-11,2023-10-11,5
31,BS4TP,QGbOWeZEm,Zqvaik,2023-10-11,2023-10-11,2023-10-11,8
34,wYQber,rmpFHhubN,IuEkXnV,2023-10-11,2023-10-11,2023-10-11,13
35,q7R6Q,kqikI,TMMuOPR,2023-10-11,2023-10-11,2023-10-11,17
36,V1bRCQ,oukbe,ufpKr,2023-10-11,2023-10-11,2023-10-11,18
37,YO2Hr,vfAryTFF,pjXmEYhCW,2023-10-11,2023-10-11,2023-10-11,25
38,LSQXPi,mXnmEf,MPycwItO,2023-10-11,2023-10-11,2023-10-11,21
39,C7HrOd,zDPOk,CObxWyAP,2023-10-11,2023-10-11,2023-10-11,26
40,iWGt5d,Tagbr,Chpjo,2023-10-11,2023-10-11,2023-10-11,7
41,c5mXYf,oixexorgl,Fpkhe,2023-10-11,2023-10-11,2023-10-11,24
42,9XNjO,ifPnvp,rbaYpzJ,2023-10-11,2023-10-11,2023-10-11,3
45,VSKy9,uqtdadfD,zZUxUk,2023-10-11,2023-10-11,2023-10-11,21
46,KZuQi,ajYSVLh,RDdEyIrj,2023-10-11,2023-10-11,2023-10-11,12
47,B7ahp,lTzCKinsN,khwxp,2023-10-11,2023-10-11,2023-10-11,15
48,3xWdKc,CMpMEoSmy,xxZcnxF,2023-10-11,2023-10-11,2023-10-11,3
49,EplTQt,VfpqIin,FerUBjrw,2023-10-11,2023-10-11,2023-10-11,9
50,W0uv7,MWcdhYlG,BXvgw,2023-10-11,2023-10-11,2023-10-11,1
51,8SdXy,XeAOF,WiLxlfQWb,2023-10-11,2023-10-11,2023-10-11,13
52,Ob4JQY,CwUNZds,xCeuFTmS,2023-10-11,2023-10-11,2023-10-11,20
53,Vaaae,tzcieL,ANHrBHBPb,2023-10-11,2023-10-11,2023-10-11,13
54,sCFaH,uTvfcDS,tbTwQ,2023-10-11,2023-10-11,2023-10-11,20
57,sIXaRB,xBmwA,qRlYncNzt,2023-10-11,2023-10-11,2023-10-11,25
58,mmUgIa,pJxGtvs,aPbcN,2023-10-11,2023-10-11,2023-10-11,19
59,BKETj8,GgLjl,vWdOhOMgZ,2023-10-11,2023-10-11,2023-10-11,12
60,DIbsa,BOhcntDK,UXxjT,2023-10-11,2023-10-11,2023-10-11,22
61,gF9PZ,wwVNHCka,sRDKfGUR,2023-10-11,2023-10-11,2023-10-11,23
62,BWDUFT,OwvXC,vEprDMzz,2023-10-11,2023-10-11,2023-10-11,24
63,nijTlS,wFnGzZu,oDiwC,2023-10-11,2023-10-11,2023-10-11,10
64,ycYqC,MkYvs,vynnxdgx,2023-10-11,2023-10-11,2023-10-11,3
65,3uT4QL,yPFxD,XxyqrplhH,2023-10-11,2023-10-11,2023-10-11,25
66,2fa67,TapIfJD,NrMQmrGEq,2023-10-11,2023-10-11,2023-10-11,23
67,9VZfsb,EiOubxC,TyYYYaOs,2023-10-11,2023-10-11,2023-10-11,23
68,GcvkY,rCDTBRSph,EtgcRHH,2023-10-11,2023-10-11,2023-10-11,22
69,2i7sMB,dEmuWqqX,ivGWiF,2023-10-11,2023-10-11,2023-10-11,12
70,uqs7G,TswqsOjYB,drTcpA,2023-10-11,2023-10-11,2023-10-11,1
71,2RVFkB,LHyMWnUoJ,qvtgyzfqg,2023-10-11,2023-10-11,2023-10-11,21
72,W212Hf,AsFUH,powBDJON,2023-10-11,2023-10-11,2023-10-11,18
73,duWozl,CVosjNB,pPAhoBwg,2023-10-11,2023-10-11,2023-10-11,6
74,rlvc9F,HamDfc,KNmXEd,2023-10-11,2023-10-11,2023-10-11,15
75,7deH81,NzwsFSP,mhnMIJLj,2023-10-11,2023-10-11,2023-10-11,24
76,yUmw4K,HPsqwU,Cmmyfujqh,2023-10-11,2023-10-11,2023-10-11,19
78,jc4cS,OEQNI,lnbwsXVt,2023-10-11,2023-10-11,2023-10-11,27
79,H3Tpk7,BTWWQZV,tIWkKbR,2023-10-11,2023-10-11,2023-10-11,13
80,8nSQKe,ejPOwKzQE,LEXoe,2023-10-11,2023-10-11,2023-10-11,21
81,233x3,gHbpWdcgO,lMiYkv,2023-10-11,2023-10-11,2023-10-11,19
82,I85Kjn,cydayaKzO,tvAzYBtu,2023-10-11,2023-10-11,2023-10-11,28
83,sQ8m8n,AJQfHc,UKdWgtNpC,2023-10-11,2023-10-11,2023-10-11,23
84,fKWxJ,fqAQB,kpvyHqD,2023-10-11,2023-10-11,2023-10-11,10
85,spR1iS,qPSETV,TCrPJgsxX,2023-10-11,2023-10-11,2023-10-11,8
86,pkXJf1,VsxNIhMP,gspNqvpr,2023-10-11,2023-10-11,2023-10-11,9
87,6LFiQI,MpOVzYmbr,nUBTOOB,2023-10-11,2023-10-11,2023-10-11,1
88,lIuVD7,KeeMGom,hLJEl,2023-10-11,2023-10-11,2023-10-11,5
89,feBWLZ,aHHZKIxB,LVSwelKPs,2023-10-11,2023-10-11,2023-10-11,17
90,Ls7U3B,KXBvMDLAm,qJuqorDr,2023-10-11,2023-10-11,2023-10-11,1
91,X7IHON,lfKSDkJIj,rrUvvsqH,2023-10-11,2023-10-11,2023-10-11,26
92,aBCZtf,bOivV,vYQpoHtp,2023-10-11,2023-10-11,2023-10-11,16
93,1Q4TK,yoAlGmFOT,XNakHwUTQ,2023-10-11,2023-10-11,2023-10-11,11
94,sdWUV2,cGTuQbEXY,uQKRbQxK,2023-10-11,2023-10-11,2023-10-11,2
95,726fl,ciEjyCsyR,PAodpil,2023-10-11,2023-10-11,2023-10-11,17
96,bx9P3s,lPWYZHCEM,FFIAAMId,2023-10-11,2023-10-11,2023-10-11,22
97,ZGXDe,ZUodZ,NbMCSqb,2023-10-11,2023-10-11,2023-10-11,23
98,1Hxooe,jVkhtd,tyAuAI,2023-10-11,2023-10-11,2023-10-11,1
99,q1kJNy,JQCdN,YRwJJCdm,2023-10-11,2023-10-11,2023-10-11,29
100,xUvYMJ,cKKUJTBPU,kNZweNAE,2023-10-11,2023-10-11,2023-10-11,23
101,FGnm0I,KEpGU,rsCZl,2023-10-11,2023-10-11,2023-10-11,29
102,qse17,YLZJl,xNhkFxSaT,2023-10-11,2023-10-11,2023-10-11,2
103,HkTQf,PkpewR,POBjDet,2023-10-11,2023-10-11,2023-10-11,2
104,QRr9j,oHmnH,FbpdkyYat,2023-10-11,2023-10-11,2023-10-11,17
105,nWjeh,MVbeRtK,ZqFoa,2023-10-11,2023-10-11,2023-10-11,15
106,hxJE2S,vxdmuec,ZXhfAkhD,2023-10-11,2023-10-11,2023-10-11,22
107,hleKyU,tjdHkxSF,GnybIb,2023-10-11,2023-10-11,2023-10-11,25
108,8Pje1,cDGXu,dxdIyRuBX,2023-10-11,2023-10-11,2023-10-11,13
109,FBJN3,DBtOQAEu,qbUfwvF,2023-10-11,2023-10-11,2023-10-11,10
110,2ZLVf,UjRGQEv,hmOQwJ,2023-10-11,2023-10-11,2023-10-11,27
111,LzBXCE,AdrECiIB,GPChSaQot,2023-10-11,2023-10-11,2023-10-11,15
112,vw8BH,XWTbpMNea,DZwfqezj,2023-10-11,2023-10-11,2023-10-11,23
113,ZESJMu,emaXMEGn,LIwXlNPRI,2023-10-11,2023-10-11,2023-10-11,6
114,9q5LI,DmIcfi,tWanvr,2023-10-11,2023-10-11,2023-10-11,19
115,YHXZ1F,FcRSZH,JpsKGCN,2023-10-11,2023-10-11,2023-10-11,13
116,RdOOe,ZFhkrst,AlDIWj,2023-10-11,2023-10-11,2023-10-11,21
117,k9ANGG,BtSyhNB,berNTN,2023-10-11,2023-10-11,2023-10-11,4
118,7ryF0,wxPbqg,urDDYwrZa,2023-10-12,2023-10-12,2023-10-12,3
119,YjBEA,huuCCyXGB,rzFFHGQYf,2023-10-12,2023-10-12,2023-10-12,12
120,jAWYM,gQDXONW,WAabZIvM,2023-10-12,2023-10-12,2023-10-12,1
121,6BiX6,dLAgPR,imCQGce,2023-10-12,2023-10-12,2023-10-12,28
122,BvjsR,usnVLmY,RQKYQUsa,2023-10-12,2023-10-12,2023-10-12,27
123,7qCLWu,RWaMYN,kCMovuQP,2023-10-12,2023-10-12,2023-10-12,7
124,Nuq1v,CVujahPIk,XQbEFFaLu,2023-10-12,2023-10-12,2023-10-12,18
125,d0t0X9,ZOUnwtP,KcgLAjco,2023-10-12,2023-10-12,2023-10-12,27
126,7h0bD,uGjhX,fRHdlzhJA,2023-10-12,2023-10-12,2023-10-12,4
127,cs1HI,yrMAtZEAK,tpnGuv,2023-10-12,2023-10-12,2023-10-12,28
128,hwm5m,aNyKSVZ,oIlWScxB,2023-10-13,2023-10-13,2023-10-13,6
129,ezwFQ,lZnZs,gFUCWX,2023-10-13,2023-10-13,2023-10-13,4
130,FFdm6,XEinifz,Punxl,2023-10-13,2023-10-13,2023-10-13,29
131,VK8Tjg,aDKCyKT,RrlVYJFwi,2023-10-13,2023-10-13,2023-10-13,6
132,1w76S,tAvZErMNB,ktCGalrTY,2023-10-13,2023-10-13,2023-10-13,2
133,Lttcv,USIkkfG,JKTOyR,2023-10-13,2023-10-13,2023-10-13,20
134,sYi6u,WYueb,amDEaI,2023-10-13,2023-10-13,2023-10-13,25
135,MsQDs7,JhgwlcRJX,VVvdBn,2023-10-13,2023-10-13,2023-10-13,4
136,SDqSwB,lSXbTdUC,xsdQvNaXO,2023-10-13,2023-10-13,2023-10-13,1
137,GIleIY,htsuvlUS,NPxCINfs,2023-10-13,2023-10-13,2023-10-13,20
